N,Time_Uncompressed,AverageDepth_Uncompressed,Pairs_Uncompressed,Time_PathHalved,AverageDepth_PathHalved,Pairs_PathHalved,Time_Compressed,AverageDepth_Compressed,Pairs_Compressed,
10,0.7628322850000001,1.1269999999999987,16.115,0.461922675,1.004000000000001,16.285,0.01115321,1.0080000000000013,16.885
20,1.8343994000000001,1.3144999999999984,38.84,1.482854315,1.0379999999999996,37.135,0.002413665,1.0227499999999983,40.105
40,5.0505708600000006,1.4803749999999989,89.03,5.605087815000001,1.0366249999999988,90.385,0.0038208599999999997,1.0352499999999998,85.265
80,18.420167885,1.6153124999999997,205.45,18.143589549999998,1.0190000000000008,202.685,0.008785985,1.0193750000000015,193.6
160,67.01660884500001,1.70746875,456.1,66.24635285000001,1.0123437500000008,451.26,0.019016515,1.0074687500000008,464.8
320,278.66057143,1.7889999999999997,1019.595,276.97226145,1.0068281249999995,1024.595,0.04297637,1.0056249999999995,992.23
640,1128.474537525,1.8510625000000007,2214.385,1121.7774419700002,1.0038906250000004,2238.335,0.09351898,1.0017578124999995,2292.59
